{"cameraMode":{"drawMode":0,"name":"Shaded","section":"Shading Mode"},"sceneLighting":false,"audioPlay":false,"sceneViewState":{"showFog":true,"showMaterialUpdate":false,"showSkybox":false,"showFlares":true,"showImageEffects":true,"showParticleSystems":true},"in2DMode":false,"pivot":{"x":0.06000000238418579,"y":0.1499999761581421,"z":6.0},"rotation":{"x":0.1829194873571396,"y":-0.510927140712738,"z":0.11227314919233322,"w":0.8323993682861328},"size":4.286825656890869,"orthographic":false}