{"cameraMode":{"drawMode":0,"name":"Shaded","section":"Shading Mode"},"sceneLighting":true,"audioPlay":false,"sceneViewState":{"showFog":true,"showMaterialUpdate":false,"showSkybox":true,"showFlares":true,"showImageEffects":true,"showParticleSystems":true},"in2DMode":false,"pivot":{"x":-0.039574623107910159,"y":-2.249192237854004,"z":1.695612907409668},"rotation":{"x":-0.20698072016239167,"y":0.7226487398147583,"z":-0.2441469132900238,"w":-0.6126419901847839},"size":23.233373641967775,"orthographic":false}